Chi^2;Size;Entropy;Termination
442.642;13716;7.97729;png
437.181;5752;7.94917;png
339.276;7453;7.96886;png
350.556;4752;7.94874;png
350.867;7878;7.97017;png
358.938;4237;7.93996;png
449.453;10765;7.97031;png
408.483;45696;7.99355;png
406.343;24597;7.98829;png
418.422;11603;7.9744;png
417.103;17469;7.9831;png
384;9950;7.97324;png
418.422;11603;7.9744;png
394.728;8694;7.97023;png
391.819;2988;7.92292;png
338.584;3137;7.93125;png
337.143;3618;7.93586;png
423.251;3285;7.92263;png
428.4;2594;7.89722;png
414.625;2247;7.89348;png
445.832;1675;7.84226;png
433.445;2379;7.88636;png
413.75;2128;7.88038;png
388.334;2507;7.91291;png
415.111;2450;7.89798;png
449.571;1929;7.85406;png
381.5;1034;7.75683;png
382.668;833;7.71228;png
404.334;726;7.60272;png
432.334;818;7.64575;png
424.56;17113;7.9835;png
379.063;8248;7.96797;png
449.639;51727;7.99376;png
431;386;7.18768;png
432;338;6.96593;png
333.241;7588;7.96895;png
351.6;1288;7.80734;png
368.824;21912;7.98806;png
331.593;20967;7.9889;png
359.963;20777;7.9876;png
449.89;7161;7.95746;png
344.095;5458;7.95559;png
441.455;11404;7.97269;png
318.256;22208;7.98968;png
447.633;50993;7.99375;png
369.682;245627;7.99892;aar
429.915;241502;7.99872;aar
372.217;242297;7.9989;aar
374.294;242210;7.9989;aar
338.027;242514;7.99899;aar
407.048;242570;7.99879;aar
374.34;155989;7.99827;aar
320.267;3938;7.94394;png
335.931;7556;7.96895;png
446.954;5765;7.94629;png
384.3;2645;7.90553;png
397.933;4057;7.9349;png
423.8;1273;7.77217;png
415.625;2289;7.89396;png
338.417;6282;7.96255;png
338.417;6282;7.96255;png
342.5;421;7.18457;png
305.606;149250;7.99852;aar
344.933;149239;7.99833;aar
395.243;149321;7.9981;aar
353.049;156712;7.99836;aar
330.984;156680;7.99848;aar
392.287;314292;7.9991;aar
428.258;314292;7.99901;aar
444.786;314523;7.99898;aar
341.001;338380;7.99927;aar
378.236;336974;7.99919;aar
348.781;74878;7.99668;aar
362.371;76565;7.99661;aar
363.358;76646;7.9966;aar
359.126;115972;7.99777;aar
310.949;91268;7.99756;aar
311.084;92135;7.99759;aar
373.164;73674;7.99638;aar
359.567;74530;7.99655;aar
319.482;57390;7.99604;aar
350.725;57627;7.9957;aar
359.294;57725;7.99564;aar
365.173;47439;7.99467;aar
384.74;47423;7.99444;aar
433.656;26347;7.98932;aar
315.774;56780;7.99607;aar
367.386;57197;7.99551;aar
237.508;95409;7.99822;aar
349.12;98093;7.99747;aar
377.531;36825;7.99326;aar
431.07;36908;7.99205;aar
441.348;39111;7.99261;aar
397.243;39151;7.99319;aar
427.306;361317;7.99914;aar
389.628;361421;7.99922;aar
332.385;259568;7.99908;aar
370.677;259079;7.99897;aar
383.93;301794;7.99908;aar
432.472;387387;7.99919;aar
383.176;375062;7.99926;aar
405.195;375189;7.99922;aar
371.621;309244;7.99913;aar
373.587;309150;7.99913;aar
387.805;491577;7.99943;aar
426.164;557577;7.99945;aar
424.446;557650;7.99945;aar
425.169;36408;7.99206;aar
417.582;37479;7.99264;aar
401.541;37559;7.99285;aar
420.239;35493;7.99211;aar
449.797;35488;7.99158;aar
420.465;54765;7.99467;aar
339.978;58949;7.99593;aar
378.787;35067;7.99287;aar
401.928;35100;7.9925;aar
431.891;35245;7.99188;aar
429.719;36422;7.99214;aar
313.709;101930;7.99779;aar
327.686;97049;7.99758;aar
327.757;97154;7.99758;aar
313.371;81652;7.99726;aar
331.009;81663;7.99711;aar
302.314;92962;7.99766;aar
304.409;98551;7.9978;aar
347.592;98665;7.99746;aar
317.036;114232;7.99801;aar
382.505;47169;7.99437;aar
385.877;49952;7.99472;aar
386.231;50103;7.99477;aar
346.023;44904;7.99461;aar
303.36;44836;7.99535;aar
441.359;40128;7.99255;aar
403.809;44477;7.99407;aar
437.782;20049;7.9862;aar
429.908;25343;7.98958;aar
445.297;28556;7.98983;aar
420.037;27412;7.98985;aar
421.814;24968;7.98892;aar
433.391;24973;7.98863;aar
362.127;209382;7.99876;aar
370.592;210529;7.99873;aar
308.364;210535;7.99895;aar
316.321;181193;7.99874;aar
356.523;181054;7.99858;aar
333.117;129205;7.99815;aar
338.374;207651;7.99882;aar
317.83;221913;7.99897;aar
332.045;225094;7.99894;aar
387.595;210925;7.99867;aar
365.193;213922;7.99877;aar
327.484;214027;7.99889;aar
380.82;213905;7.99872;aar
394.845;211819;7.99865;aar
382.453;236649;7.99883;aar
415.699;236778;7.99873;aar
358.695;235824;7.9989;aar
374.655;235535;7.99885;aar
331.888;158035;7.99849;aar
352.285;158024;7.99838;aar
379.867;157858;7.99826;aar
348.043;190786;7.99869;aar
356.975;204968;7.99874;aar
333.748;203300;7.99881;aar
344.068;203050;7.99877;aar
373.629;203096;7.99867;aar
325.487;184191;7.99872;aar
347.845;105732;7.99762;aar
359.011;46648;7.99464;aar
384.962;47275;7.99451;aar
387.439;46728;7.99433;aar
361.605;52707;7.99524;aar
371.112;52734;7.99514;aar
373.407;271893;7.99901;aar
445.133;272689;7.99881;aar
336.685;272779;7.99911;aar
361.375;245030;7.99893;aar
364.533;247244;7.99894;aar
426.187;270352;7.99886;aar
398.452;270352;7.99893;aar
349.122;270152;7.99906;aar
405.424;272219;7.99892;aar
349.193;272252;7.99907;aar
431.569;22129;7.98744;aar
406.093;22138;7.98841;aar
410.898;55279;7.99478;aar
406.158;56975;7.995;aar
375.868;58264;7.99553;aar
311.167;1537;7.85425;png
311.167;1537;7.85425;png
391.188;4147;7.93624;png
380.334;2315;7.89403;png
410;524;7.47898;png
418;135;5.83443;png
424.25;1027;7.70119;png
402.5;1060;7.75067;png
395.25;1001;7.72052;png
426.8;1333;7.80739;png
328.458;6387;7.96651;png
423.56;6519;7.95653;png
344;738;7.52818;png
368.291;6199;7.95731;png
343.001;712;7.55909;png
378;2024;7.89608;png
317.3;2615;7.91682;png
368.334;2427;7.90449;png
351.353;4541;7.94817;png
387;145;6.04891;png
408.75;1033;7.72404;png
406.668;693;7.53235;png
398.999;1540;7.82661;png
443.6;1445;7.81041;png
254.5;409;7.34492;png
413.68;6640;7.9586;png
430.334;784;7.65125;png
367.875;2079;7.8779;png
316;426;7.39322;png
357.001;699;7.58136;png
369.5;467;7.28723;png
391;472;7.39046;png
354.668;708;7.62584;png
321.833;1637;7.86928;png
387;108;5.56319;png
365;2068;7.88669;png
417.194;8005;7.96313;png
402.75;1099;7.77003;png
407.5;1090;7.76883;png
355.923;13362;7.98125;png
429;167;6.28809;png
426;169;6.37137;png
428.333;1750;7.85578;png
435.714;1954;7.86999;png
380.91;2980;7.91916;png
390.5;251;6.44183;png
345.833;1567;7.8466;png
399.5;2046;7.87012;png
420.6;1278;7.7719;png
438.5;2260;7.88452;png
413.25;1119;7.7527;png
430;110;5.54728;png
425;114;5.67058;png
395.059;4498;7.94321;png
400.934;3934;7.93111;png
444.563;4291;7.93065;png
377.286;1975;7.88612;png
404.556;2525;7.90583;png
361.4;2608;7.9084;png
405.063;4161;7.93666;png
377.833;6272;7.95867;png
444.5;465;7.33694;png
428.668;717;7.61506;png
380;134;5.92251;png
410;122;5.66051;png
388;168;6.36405;png
372;133;5.9258;png
422;133;5.83762;png
369.889;4694;7.94501;png
443.25;1007;7.70295;png
412.668;726;7.61163;png
421;1222;7.82777;png
388.4;3914;7.93432;png
394.643;3669;7.93213;png
335;3622;7.93682;png
382.5;3290;7.9299;png
363.143;1868;7.86889;png
386.889;2532;7.90826;png
408.428;1798;7.84232;png
403.25;1025;7.73441;png
405.778;2508;7.90343;png
445.001;839;7.68641;png
393.534;4039;7.93578;png
355.154;3339;7.92592;png
376.6;1301;7.81354;png
402;388;7.17221;png
377.5;399;7.22166;png
282.5;415;7.38021;png
400.5;357;6.92768;png
255.5;355;7.1325;png
365.666;1558;7.85255;png
346.909;2996;7.92482;png
438.668;792;7.62544;png
390;996;7.73486;png
414;374;7.12274;png
339.857;1797;7.86899;png
399.5;447;7.35886;png
441;151;5.97955;png
449.75;1089;7.77233;png
349.181;5634;7.95798;png
427.75;1061;7.7611;png
441.125;2229;7.87505;png
426.417;3159;7.91456;png
449.065;7985;7.96072;png
405.149;6971;7.95948;png
372.25;1045;7.74676;png
428.667;887;7.67037;png
375.834;3160;7.92092;png
346.848;11807;7.97916;png
423.667;659;7.46676;png
412;126;5.71353;png
401.667;2449;7.90061;png
411;127;5.75271;png
404;114;5.613;png
448.2;1291;7.72532;png
430;3342;7.91989;png
371.5;449;7.35692;png
382;384;7.10867;png
371.5;449;7.35692;png
382;384;7.10867;png
371.5;449;7.35692;png
382;384;7.10867;png
371.5;449;7.35692;png
382;384;7.10867;png
371.5;449;7.35692;png
382;384;7.10867;png
437;146;5.96402;png
437;146;5.91775;png
447.143;1986;7.87546;png
416.25;1077;7.73525;png
381.087;5951;7.95434;png
333.684;4988;7.95485;png
422.2;2588;7.88444;png
306.2;2602;7.91711;png
403.125;2081;7.8744;png
341.588;4549;7.95061;png
396.5;431;7.28705;png
409.143;1877;7.86323;png
372;3986;7.94035;png
384.5;395;7.17674;png
443.6;1445;7.81041;png
254.5;409;7.34492;png
413.68;6640;7.9586;png
430.334;784;7.65125;png
367.875;2079;7.8779;png
316;426;7.39322;png
357.001;699;7.58136;png
369.5;467;7.28723;png
391;472;7.39046;png
435.5;2136;7.87009;png
317.214;7374;7.97081;png
423.5;469;7.35857;png
447.75;1187;7.7825;png
390.001;729;7.60681;png
401;1056;7.75564;png
426.332;1672;7.85577;png
432;167;6.33381;png
384.5;2082;7.87671;png
388.778;2473;7.90468;png
449.5;537;7.45406;png
436.2;1357;7.80135;png
382.143;1949;7.88325;png
385;998;7.71609;png
342.6;1311;7.81747;png
434;111;5.52862;png
423.499;1573;7.82051;png
337.412;4494;7.95016;png
392;4258;7.93687;png
424;1128;7.76849;png
435.286;1779;7.82878;png
365.4;2694;7.91501;png
396.556;2477;7.90546;png
428.654;6863;7.95798;png
428.875;4180;7.92816;png
404.749;6234;7.95483;png
424.332;1748;7.8675;png
419.999;1700;7.87328;png
444.5;415;7.22293;png
311.909;2855;7.92431;png
428.668;717;7.61506;png
380;134;5.92251;png
410;122;5.66051;png
388;168;6.36405;png
372;133;5.9258;png
422;133;5.83762;png
369.889;4694;7.94501;png
443.25;1007;7.70295;png
412.668;726;7.61163;png
421;1222;7.82777;png
388.4;3914;7.93432;png
394.643;3669;7.93213;png
335;3622;7.93682;png
382.5;3290;7.9299;png
363.143;1868;7.86889;png
386.889;2532;7.90826;png
408.428;1798;7.84232;png
403.25;1025;7.73441;png
405.778;2508;7.90343;png
292.5;423;7.38608;png
327.8;3875;7.94146;png
334.917;3213;7.932;png
424.25;1205;7.81624;png
401.5;353;7.02527;png
400.5;401;7.20477;png
449;438;7.23922;png
268.5;421;7.3813;png
371;332;6.87879;png
340.5;351;7.06029;png
393.5;315;6.7742;png
393.125;2103;7.87036;png
399.647;4520;7.94498;png
401.4;1325;7.80928;png
384.6;1401;7.83341;png
431;163;6.28294;png
270;404;7.3123;png
433;161;6.18916;png
326.5;533;7.52946;png
413;266;6.58674;png
441;151;6.07292;png
420.5;1084;7.78918;png
426.668;791;7.65421;png
395;109;5.50017;png
430;112;5.59295;png
391.412;4388;7.94327;png
411.499;1623;7.84309;png
412.418;3075;7.91263;png
439.5;197;5.88649;png
359.774;7989;7.96808;png
403.7;2575;7.89232;png
372.25;1045;7.74676;png
428.667;887;7.67037;png
337.556;2448;7.91002;png
413;2074;7.86957;png
433.25;1057;7.73494;png
442.8;1483;7.83788;png
414.05;5307;7.95093;png
423.667;659;7.46676;png
384;106;5.57034;png
417;125;5.69404;png
396.572;1852;7.86289;png
412.6;1322;7.78588;png
430;3342;7.91989;png
371.5;449;7.35692;png
382;384;7.10867;png
371.5;449;7.35692;png
382;384;7.10867;png
371.5;449;7.35692;png
382;384;7.10867;png
371.5;449;7.35692;png
382;384;7.10867;png
371.5;449;7.35692;png
382;384;7.10867;png
420;138;5.93661;png
404;145;5.95323;png
437;146;5.96402;png
413.334;726;7.59297;png
381.001;745;7.65363;png
448.75;1051;7.72569;png
423;1142;7.75806;png
408.913;6013;7.95217;png
419.75;971;7.6659;png
302;2674;7.92407;png
310.445;2360;7.90913;png
356.5;2669;7.91008;png
387.417;3207;7.91946;png
406.5;431;7.30409;png
387;147;6.08586;png
400.001;803;7.67766;png
382;402;7.23769;png
393.666;1538;7.8327;png
340;4018;7.94533;png
444.875;2055;7.86094;png
330;294;6.79024;png
411.334;874;7.68099;png
408.714;1845;7.85599;png
367.863;5703;7.9553;png
413.334;2558;7.90425;png
349.5;2082;7.88341;png
351;354;7.06739;png
293.5;409;7.27815;png
357.001;699;7.58136;png
331;344;6.99122;png
365.5;505;7.4414;png
393.5;2210;7.89486;png
436;2074;7.87014;png
353.5;541;7.48458;png
354.668;708;7.62584;png
321.833;1637;7.86928;png
387;108;5.56319;png
365;2068;7.88669;png
417.194;8005;7.96313;png
402.75;1099;7.77003;png
407.5;1090;7.76883;png
355.923;13362;7.98125;png
429;167;6.28809;png
426;169;6.37137;png
428.333;1750;7.85578;png
435.714;1954;7.86999;png
380.91;2980;7.91916;png
379.832;1533;7.83209;png
430;3342;7.91989;png
420.6;1278;7.7719;png
438.5;2260;7.88452;png
413.25;1119;7.7527;png
388.001;738;7.61429;png
375.334;790;7.69313;png
426;108;5.53954;png
443.334;873;7.71748;png
395.059;4498;7.94321;png
400.934;3934;7.93111;png
444.563;4291;7.93065;png
377.286;1975;7.88612;png
404.556;2525;7.90583;png
361.4;2608;7.9084;png
405.063;4161;7.93666;png
377.833;6272;7.95867;png
444.5;465;7.33694;png
417;129;5.77686;png
413;133;5.87138;png
374;133;5.92013;png
432;139;5.85665;png
386.8;1313;7.7985;png
446;1040;7.72296;png
434.769;3564;7.92272;png
385;3353;7.92247;png
449;3674;7.92363;png
314.429;3756;7.94358;png
384.286;1886;7.86729;png
355.6;1456;7.8516;png
362;2522;7.91447;png
393.111;2540;7.91103;png
407;124;5.75284;png
396.571;7384;7.96367;png
368.334;732;7.65464;png
407.334;696;7.5354;png
436.333;1704;7.84042;png
399.668;820;7.70079;png
327.8;3875;7.94146;png
334.917;3213;7.932;png
424.25;1205;7.81624;png
401.5;353;7.02527;png
377.5;399;7.22166;png
357.615;3499;7.93088;png
373.5;545;7.55286;png
383;2172;7.88629;png
394.471;4486;7.94321;png
412.875;2069;7.8692;png
298.5;517;7.54014;png
342.5;489;7.46986;png
270;422;7.38543;png
438.001;882;7.68547;png
339.857;1797;7.86899;png
433.832;1541;7.81507;png
429;350;6.94053;png
415.5;1234;7.82442;png
445;424;7.21865;png
395;109;5.50017;png
430;112;5.59295;png
391.412;4388;7.94327;png
411.499;1623;7.84309;png
412.418;3075;7.91263;png
439.5;197;5.88649;png
359.774;7989;7.96808;png
403.7;2575;7.89232;png
372.25;1045;7.74676;png
413;568;7.47995;png
428.667;887;7.67037;png
337.556;2448;7.91002;png
413;2074;7.86957;png
433.25;1057;7.73494;png
442.8;1483;7.83788;png
414.05;5307;7.95093;png
423.667;659;7.46676;png
384;106;5.57034;png
417;125;5.69404;png
396.572;1852;7.86289;png
363.857;1919;7.88283;png
311.5;467;7.41368;png
400.5;513;7.40155;png
397;192;5.8099;png
397;192;5.8099;png
397;192;5.8099;png
397;192;5.8099;png
397;192;5.8099;png
416;144;6.00859;png
436;192;6.50349;png
439;146;5.93662;png
446;145;6.06596;png
445;2048;7.86345;png
423.334;715;7.57057;png
438.75;1115;7.75197;png
386.291;6341;7.95945;png
393.882;4372;7.93617;png
398.478;6111;7.95589;png
416.25;1115;7.77013;png
390;2208;7.8972;png
383.445;2447;7.90003;png
391.5;2721;7.90947;png
417.417;3215;7.91745;png
399.539;3484;7.92382;png
426;149;5.96253;png
374.6;1347;7.82966;png
438.819;2955;7.90332;png
391.833;1621;7.83878;png
303.5;403;7.22634;png
400.124;6203;7.95645;png
443.636;5698;7.94672;png
379.751;3283;7.93277;png
309.375;2069;7.8964;png
359;336;7.0033;png
444.5;471;7.34727;png
435.5;2136;7.87009;png
317.214;7374;7.97081;png
423.5;469;7.35857;png
447.75;1187;7.7825;png
390.001;729;7.60681;png
401;1056;7.75564;png
426.332;1672;7.85577;png
432;167;6.33381;png
384.5;2082;7.87671;png
388.778;2473;7.90468;png
449.5;537;7.45406;png
436.2;1357;7.80135;png
382.143;1949;7.88325;png
385;998;7.71609;png
342.6;1311;7.81747;png
434;111;5.52862;png
414.909;3062;7.91772;png
430.75;4286;7.93351;png
339.3;2717;7.92031;png
382.2;2656;7.90415;png
409.654;6867;7.96107;png
397.538;6806;7.96052;png
364.348;5944;7.95624;png
374.2;1297;7.81349;png
443.4;1487;7.84689;png
419;134;5.8761;png
369;133;5.97092;png
418;134;5.89103;png
413;123;5.66022;png
430.001;713;7.59645;png
399.334;713;7.59688;png
426.6;1468;7.84687;png
418.334;780;7.64066;png
334.334;724;7.648;png
344.615;3366;7.93072;png
387.616;3561;7.93592;png
433;2760;7.90474;png
313.286;3768;7.94476;png
414.4;1316;7.80722;png
391.2;1471;7.85268;png
390.666;1540;7.84271;png
368.375;2075;7.88439;png
437;2547;7.90077;png
418;127;5.71913;png
343.5;389;7.18951;png
395;1929;7.87809;png
420;456;7.28917;png
225.5;379;7.29546;png
338.429;3610;7.93524;png
373;3401;7.92478;png
351.5;373;7.1904;png
393.125;2103;7.87036;png
399.647;4520;7.94498;png
401.4;1325;7.80928;png
384.6;1401;7.83341;png
431;163;6.28294;png
270;404;7.3123;png
433;161;6.18916;png
326.5;533;7.52946;png
413;266;6.58674;png
441;151;6.07292;png
420.5;1084;7.78918;png
426.668;791;7.65421;png
395;109;5.50017;png
356;116;5.6944;png
355.333;2332;7.8997;png
434.333;1702;7.84082;png
438.334;737;7.59887;png
435.4;2752;7.909;png
413.689;11592;7.97446;png
340.5;443;7.36835;png
368.334;734;7.63507;png
445.714;1802;7.82276;png
383.668;757;7.63025;png
417.857;5547;7.94985;png
425;578;7.48837;png
428.166;1671;7.85819;png
357.546;2837;7.91645;png
420.462;3576;7.9279;png
419.667;808;7.64262;png
357.8;1285;7.82249;png
442.334;707;7.57316;png
368.334;734;7.63507;png
352.334;2415;7.90052;png
396;128;5.92994;png
413.8;1361;7.81499;png
412.6;1322;7.78588;png
336;476;7.36429;png
397;192;5.8099;png
397;192;5.8099;png
397;192;5.8099;png
397;192;5.8099;png
397;192;5.8099;png
417.25;1165;7.78086;png
447;442;7.22262;png
420;521;5.67319;SF
404.714;521;5.70425;SF
406.833;475;5.71953;MF
392.166;475;5.72229;MF
349.833;473;5.75871;SF
310.3;2577;7.92236;png
408;110;5.54306;png
340.262;10857;7.97776;png
432.166;1555;7.81047;gif
442.75;8350;7.96323;png
447.001;736;7.61095;png
379;2166;7.88767;png
432.166;1555;7.81047;gif
363.161;8010;7.96759;png
426.905;5519;7.9504;png
372.88;6588;7.96076;png
405.833;475;5.71212;MF
410.5;475;5.73278;MF
423;382;7.42969;gz
294.588;4408;7.95305;png
386;358;6.99175;gif
379;2166;7.88767;png
411;118;5.61296;gif
429.6;7720;7.96111;png
447.857;1805;7.85132;png
442.333;1692;7.83677;gif
424.445;2392;7.88034;gif
319.778;9390;7.9762;png
360.76;6439;7.96074;png
368.75;6156;7.95778;png
442.75;8350;7.96323;png
448.666;1534;7.80775;png
447.001;736;7.61095;png
246.5;175;5.8349;gif
377.251;3247;7.92645;png
255.5;268;5.51702;js
440;215;6.67721;png
316;396;7.23751;png
439;199;6.54477;png
420;214;6.74255;png
422;133;5.83364;png
419;159;6.27164;png
331.001;785;7.6954;png
428.667;887;7.67037;png
448;1208;7.79826;png
448.2;1291;7.72532;png
385;753;7.60771;png
434.5;305;6.75116;png
248.5;415;7.41735;png
306.5;389;7.27827;png
419;108;5.63912;png
330;400;7.18361;png
351.334;762;7.64433;png
364;145;6.18346;png
419;203;6.62344;png
353;480;7.37495;png
436;111;5.52182;png
373;115;5.60649;png
334;336;6.99752;png
319.667;700;7.58306;png
435.5;631;7.60127;png
323;404;7.20607;png
244;404;7.33169;png
317;328;6.96015;png
427;108;5.58356;png
416;196;6.55166;png
279;262;6.62501;png
343.334;705;7.58183;png
333;354;7.02346;png
416;152;6.14945;png
319.5;421;7.27015;png
381;492;7.36221;png
293.5;421;7.28816;png
333;318;6.88745;png
351.334;710;7.5801;png
333.5;459;7.29473;png
269.5;403;7.31696;png
337.5;419;7.24074;png
351;352;6.9492;png
401.666;1684;7.85514;png
344.286;1988;7.89756;png
388;370;7.08653;png
447;134;5.89618;png
447;134;5.89618;png
233.837;5577296;7.99997;192-ecb
417;134;5.87976;png
408;610;7.58618;png
388;109;5.56907;png
366.668;707;7.56886;png
449.5;535;7.47584;png
436;134;5.77163;png
413;141;5.99794;png
312.5;417;7.24869;png
343.334;711;7.57618;png
387.334;724;7.53814;png
212;140;5.54397;png
320;532;7.54479;png
376;464;7.35645;png
244;404;7.33169;png
289;406;7.32837;png
439;218;6.67404;png
338.5;369;7.10255;png
411;112;5.52997;png
249.5;407;7.35017;png
425;193;6.52323;png
447;134;5.89618;png
343.334;711;7.57618;png
387.334;724;7.53814;png
376;464;7.35645;png
244;404;7.33169;png
289;406;7.32837;png
439;218;6.67404;png
338.5;369;7.10255;png
411;112;5.52997;png
249.5;407;7.35017;png
425;193;6.52323;png
447;134;5.89618;png
343.334;711;7.57618;png
387.334;724;7.53814;png
447;134;5.89618;png
107.615;891;5.99978;key
369.251;3157;7.92542;png
288.471;1151;5.90022;pem
136.792;1679;6.02437;pem
376;464;7.35645;png
419;522;7.42006;png
388.5;431;7.20883;png
339;398;7.23901;png
410;127;5.76846;png
445;173;6.30991;png
311.5;467;7.41368;png
275.5;391;7.30486;png
361.25;983;7.68583;png
431.5;595;7.58584;png
337;752;7.64917;png
332;1269;7.79613;png
440;215;6.67721;png
416.5;1026;7.72797;png
316;396;7.23751;png
439;199;6.54477;png
420;214;6.74255;png
422;133;5.83364;png
419;159;6.27164;png
331.001;785;7.6954;png
428.667;887;7.67037;png
414;129;5.82748;png
448;1208;7.79826;png
448.2;1291;7.72532;png
385;753;7.60771;png
434.5;305;6.75116;png
248.5;415;7.41735;png
306.5;389;7.27827;png
419;108;5.63912;png
330;400;7.18361;png
351.334;762;7.64433;png
364;145;6.18346;png
419;203;6.62344;png
353;480;7.37495;png
436;111;5.52182;png
373;115;5.60649;png
334;336;6.99752;png
319.667;700;7.58306;png
435.5;631;7.60127;png
108.077;887;5.99991;key
108.077;887;5.99991;key
323;404;7.20607;png
449;632;7.59732;png
416.5;1026;7.72797;png
439;218;6.67404;png
338.5;369;7.10255;png
396.001;784;7.62367;png
411;112;5.52997;png
249.5;407;7.35017;png
365.5;493;7.43779;png
315;498;7.49191;png
436;111;5.52182;png
373;115;5.60649;png
338;350;6.9791;png
376;464;7.35645;png
424.25;1105;7.73248;png
244;404;7.33169;png
289;406;7.32837;png
419;108;5.63912;png
439;199;6.54477;png
401;129;5.87194;png
420;214;6.74255;png
394.667;744;7.56848;png
331.001;785;7.6954;png
389;158;6.19777;png
410.001;771;7.64967;png
427;115;5.50451;png
259.5;419;7.39024;png
409.001;891;7.70863;png
298.5;413;7.3715;png
381.5;365;7.05829;png
376;464;7.35645;png
424.25;1105;7.73248;png
244;404;7.33169;png
289;406;7.32837;png
419;108;5.63912;png
439;199;6.54477;png
401;129;5.87194;png
420;214;6.74255;png
394.667;744;7.56848;png
331.001;785;7.6954;png
389;158;6.19777;png
410.001;771;7.64967;png
427;115;5.50451;png
259.5;419;7.39024;png
409.001;891;7.70863;png
298.5;413;7.3715;png
381.5;365;7.05829;png
402.654;267577;7.99892;aar
388;370;7.08653;png
323;404;7.20607;png
449;632;7.59732;png
416.5;1026;7.72797;png
439;218;6.67404;png
338.5;369;7.10255;png
396.001;784;7.62367;png
411;112;5.52997;png
249.5;407;7.35017;png
365.5;493;7.43779;png
315;498;7.49191;png
436;111;5.52182;png
373;115;5.60649;png
338;350;6.9791;png
417;134;5.87976;png
408;610;7.58618;png
388;109;5.56907;png
366.668;707;7.56886;png
449.5;535;7.47584;png
436;134;5.77163;png
413;141;5.99794;png
312.5;417;7.24869;png
343.334;711;7.57618;png
387.334;724;7.53814;png
212;140;5.54397;png
320;532;7.54479;png
408;118;5.633;png
404;202;6.71147;png
298;422;7.33028;png
346.5;367;7.05935;png
419;203;6.62344;png
425;193;6.52323;png
414;129;5.82748;png
364.584;3305;7.93068;png
334.2;1339;7.82382;png
419.5;589;7.55101;png
417;134;5.87976;png
408;610;7.58618;png
388;109;5.56907;png
366.668;707;7.56886;png
449.5;535;7.47584;png
436;134;5.77163;png
413;141;5.99794;png
312.5;417;7.24869;png
343.334;711;7.57618;png
387.334;724;7.53814;png
212;140;5.54397;png
320;532;7.54479;png
408;118;5.633;png
404;202;6.71147;png
298;422;7.33028;png
346.5;367;7.05935;png
419;203;6.62344;png
425;193;6.52323;png
414;129;5.82748;png
364.584;3305;7.93068;png
334.2;1339;7.82382;png
419.5;589;7.55101;png
323;404;7.20607;png
449;632;7.59732;png
416.5;1026;7.72797;png
439;218;6.67404;png
338.5;369;7.10255;png
396.001;784;7.62367;png
411;112;5.52997;png
249.5;407;7.35017;png
365.5;493;7.43779;png
315;498;7.49191;png
436;111;5.52182;png
373;115;5.60649;png
338;350;6.9791;png
417;134;5.87976;png
408;610;7.58618;png
388;109;5.56907;png
366.668;707;7.56886;png
449.5;535;7.47584;png
436;134;5.77163;png
413;141;5.99794;png
312.5;417;7.24869;png
343.334;711;7.57618;png
387.334;724;7.53814;png
212;140;5.54397;png
320;532;7.54479;png
376;464;7.35645;png
424.25;1105;7.73248;png
244;404;7.33169;png
289;406;7.32837;png
419;108;5.63912;png
439;199;6.54477;png
401;129;5.87194;png
420;214;6.74255;png
394.667;744;7.56848;png
331.001;785;7.6954;png
389;158;6.19777;png
410.001;771;7.64967;png
427;115;5.50451;png
259.5;419;7.39024;png
409.001;891;7.70863;png
298.5;413;7.3715;png
381.5;365;7.05829;png
385.001;786;7.66787;png
447.668;801;7.66364;png
252.5;177;5.55536;key
101.84;1703;6.02028;key
172.667;215;5.62669;pubkey
132.958;1675;6.02088;key
111.792;1679;6.03373;key
136.625;1679;6.02302;key
132.708;1679;6.02415;key
108.077;887;5.99991;key
107.615;891;5.99978;key
108.077;887;5.99991;key
254.471;1151;5.92239;crt
108.077;887;5.99991;key
108.077;887;5.99991;key
108.077;887;5.99991;key
108.077;887;5.99991;key
108.077;887;5.99991;key
248.6;696;5.84433;pem
108.077;887;5.99991;key
108.077;887;5.99991;key
182;964;5.96788;priv
193.8;379;5.77317;priv
135.556;654;5.94969;pub
147.5;447;5.90342;pub
180;247;5.69897;pub
112;668;5.97864;priv
182.5;272;5.63539;pub
121.231;875;5.96936;priv
161.083;1746;6.04604;priv
115.462;891;5.99421;pem
447.668;801;7.66364;png
108.077;887;5.99991;key
329.5;9348;7.97525;gz
263.636;8658;7.97894;gz
299.5;19508;7.989;woff2
297.324;19868;7.98949;woff2
417.488;21162;7.98585;swf
254.471;1151;5.92239;crt
108.077;887;5.99991;key
108.077;887;5.99991;key
156;158;5.6056;bcmap
149;158;5.62161;bcmap
330.5;179;5.58479;bcmap
331;180;5.60338;bcmap
331.5;181;5.59137;bcmap
330;180;5.59227;bcmap
329;182;5.59197;bcmap
173;166;5.67657;bcmap
165;156;5.52308;bcmap
155;160;5.65515;bcmap
270.5;193;5.80294;bcmap
179;182;5.80804;bcmap
248.6;696;5.84433;pem
256.636;757;5.86178;pem
248.6;696;5.84433;pem
248.6;696;5.84433;pem
433.476;1440;5.87292;pub
139.958;1675;6.01937;key
140.88;1704;6.01656;key
248.6;696;5.84433;pem
108.077;887;5.99991;key
248.6;696;5.84433;pem
108.077;887;5.99991;key
108.077;887;5.99991;key
108.077;887;5.99991;key
248.6;696;5.84433;pem
190;360;7.16401;tgz
319.254;55415;7.99583;tgz
182.5;272;5.63539;pub
114.941;1194;6.01298;pub
124.556;643;5.95554;priv
161.083;1746;6.04604;priv
121.231;875;5.96936;priv
248.6;696;5.84433;pem
193.8;379;5.77317;priv
180;247;5.69897;pub
147.5;447;5.90342;pub
137;986;6.00437;pem
399.334;688;7.55533;png
248.6;696;5.84433;pem
329.5;9348;7.97525;gz
254.471;1151;5.92239;crt
108.077;887;5.99991;key
108.077;887;5.99991;key
108.077;887;5.99991;key
108.077;887;5.99991;key
108.077;887;5.99991;key
248.6;696;5.84433;pem
108.077;887;5.99991;key
108.077;887;5.99991;key
148.5;463;7.55279;gpg
287.182;5577296;7.99996;128-cbc
228.127;5577296;7.99997;256-cbc
258.85;5579459;7.99997;gpg
248.6;696;5.84433;pem
287.909;757;5.83147;crt
127.042;1679;6.02842;pem
323;404;7.20607;png
244;404;7.33169;png
317;328;6.96015;png
416;196;6.55166;png
279;262;6.62501;png
343.334;705;7.58183;png
416;152;6.14945;png
381;492;7.36221;png
293.5;421;7.28816;png
333;318;6.88745;png
351.334;710;7.5801;png
333.5;459;7.29473;png
269.5;403;7.31696;png
376;464;7.35645;png
419;522;7.42006;png
388.5;431;7.20883;png
339;398;7.23901;png
410;127;5.76846;png
291.5;419;7.2594;png
445;173;6.30991;png
311.5;467;7.41368;png
275.5;391;7.30486;png
281;418;7.36872;png
432;138;5.86343;png
361.25;983;7.68583;png
431.5;595;7.58584;png
337;752;7.64917;png
332;1269;7.79613;png
440;215;6.67721;png
416.5;1026;7.72797;png
316;396;7.23751;png
439;199;6.54477;png
420;214;6.74255;png
422;133;5.83364;png
419;159;6.27164;png
331.001;785;7.6954;png
428.667;887;7.67037;png
414;129;5.82748;png
448;1208;7.79826;png
448.2;1291;7.72532;png
385;753;7.60771;png
434.5;305;6.75116;png
248.5;415;7.41735;png
108.077;887;5.99991;key
439;4800;7.93754;png
417;134;5.87976;png
408;610;7.58618;png
388;109;5.56907;png
366.668;707;7.56886;png
449.5;535;7.47584;png
436;134;5.77163;png
413;141;5.99794;png
312.5;417;7.24869;png
343.334;711;7.57618;png
387.334;724;7.53814;png
212;140;5.54397;png
320;532;7.54479;png
408;118;5.633;png
404;202;6.71147;png
298;422;7.33028;png
346.5;367;7.05935;png
419;203;6.62344;png
425;193;6.52323;png
414;129;5.82748;png
364.584;3305;7.93068;png
334.2;1339;7.82382;png
419.5;589;7.55101;png
408;118;5.633;png
404;202;6.71147;png
298;422;7.33028;png
346.5;367;7.05935;png
419;203;6.62344;png
425;193;6.52323;png
414;129;5.82748;png
364.584;3305;7.93068;png
334.2;1339;7.82382;png
419.5;589;7.55101;png
388;370;7.08653;png
97.5;147;5.51367;cmake
397.5;311;6.81521;png
412.1;2739;7.90603;png
403.897;15002;7.98104;png
403.167;3134;7.91235;png
430.667;10938;7.97214;png
436.499;1615;7.82862;png
428.233;7883;7.9638;png
422.734;4015;7.93435;png
392.608;13105;7.97871;png
333.537;10511;7.97707;png
421.475;25905;7.98847;png
419.26;27762;7.98941;png
448.545;16998;7.98135;png
435.652;23644;7.98701;png
376.154;3426;7.92776;png
438.637;2995;7.9096;png
372.834;3188;7.92232;png
327.134;3983;7.94737;png
414.455;3041;7.92007;png
390.778;2499;7.9138;png
442.166;1661;7.83144;png
351.857;1923;7.88722;png
313.445;2477;7.92169;png
352.334;771;7.64198;png
400.334;818;7.66309;png
408.001;772;7.64457;png
346.668;730;7.65374;png
433;424;7.14067;png
404.5;367;7.10211;png
310.5;1693;7.88603;png
354.067;7702;7.96776;png
437.539;44013;7.99295;png
430.319;18451;7.98344;png
276.051;181582;7.9989;aar
339.892;183119;7.99866;aar
325.578;183035;7.99872;aar
346.206;187108;7.99868;aar
370.628;199090;7.99866;aar
433.04;199100;7.99844;aar
389.291;239214;7.99884;aar
365.093;241987;7.99892;aar
370.504;264471;7.99899;aar
413.133;264488;7.99887;aar
356.393;271615;7.99906;aar
384.226;271776;7.99899;aar
440.016;283396;7.9989;aar
408.93;288426;7.99899;aar
434.426;312113;7.999;aar
445.43;324772;7.99901;aar
376.023;242588;7.99889;aar
423.735;139398;7.9979;aar
415.321;139069;7.99789;aar
441.91;139015;7.99776;aar
438.837;155462;7.998;aar
404.904;156691;7.99815;aar
412.344;156670;7.99813;aar
303;96;5.57904;gif
332.625;2189;7.90561;png
398;1505;7.86007;png
320.267;3938;7.94394;png
441.938;4189;7.93049;png
427.6;1377;7.7826;png
387.571;9151;7.96973;png
267.375;2057;7.90844;png
365.333;2494;7.90714;png
409.833;1661;7.84831;png
380.778;2475;7.90204;png
397.75;2168;7.89035;png
397.75;2168;7.89035;png
387.571;9151;7.96973;png
372.889;4730;7.94465;png
385.316;5055;7.94877;png
389.083;292329;7.99904;aar
373.395;294379;7.99908;aar
393.201;294513;7.99903;aar
369.216;260094;7.99898;aar
427.431;260308;7.99881;aar
362.141;291546;7.9991;aar
373.99;292530;7.99907;aar
338.493;296136;7.99918;aar
422.085;360960;7.99916;aar
371.561;360831;7.99925;aar
308.484;49383;7.99556;aar
331.408;67945;7.99658;aar
370.167;72157;7.99639;aar
374.216;72207;7.99629;aar
383.039;72731;7.99635;aar
380.643;72692;7.99643;aar
419.313;72819;7.99602;aar
418.83;111573;7.99737;aar
405.346;114123;7.99747;aar
318.239;162834;7.99859;aar
287.276;168727;7.99877;aar
369.806;167853;7.99841;aar
305.713;117205;7.99812;aar
315.634;118123;7.99808;aar
345.126;177010;7.99859;aar
330.437;176922;7.99866;aar
343.762;371795;7.99933;aar
432.164;375492;7.99916;aar
432.238;375614;7.99917;aar
367.115;279905;7.99905;aar
407.045;280455;7.99895;aar
364.082;239451;7.9989;aar
363.768;313882;7.99917;aar
411.953;316264;7.99905;aar
342.563;322017;7.99923;aar
384.18;315392;7.99912;aar
435.376;315382;7.999;aar
446.259;311989;7.99896;aar
447.949;364632;7.99911;aar
431.349;22134;7.98772;aar
399.766;44813;7.99392;aar
389.492;44017;7.9939;aar
397.692;44099;7.99376;aar
400.985;248869;7.99883;aar
361.317;261889;7.999;aar
374.38;261959;7.99897;aar
328.142;193037;7.99878;aar
365.756;193098;7.99863;aar
344.574;246338;7.99899;aar
372.268;245763;7.9989;aar
397.214;237240;7.99879;aar
307.802;238795;7.99907;aar
338.366;233419;7.99895;aar
376.264;233420;7.99884;aar
377.284;235348;7.99884;aar
378.623;250034;7.9989;aar
372.915;249983;7.99893;aar
380.337;159662;7.99829;aar
393.104;231187;7.99877;aar
356.983;231422;7.99888;aar
309.265;184728;7.99878;aar
343.935;184633;7.99866;aar
343.106;92202;7.99733;aar
387.088;139390;7.998;aar
347.347;167834;7.9985;aar
278.402;188955;7.99893;aar
314.287;188956;7.9988;aar
388.527;156013;7.9982;aar
404.819;236265;7.99876;aar
293.728;162887;7.99869;aar
323.221;127419;7.99817;aar
328.699;122789;7.99806;aar
360.721;231777;7.99887;aar
372.551;232498;7.99884;aar
398.541;232273;7.99876;aar
403.821;223871;7.9987;aar
335.008;223660;7.99892;aar
404.917;218177;7.99866;aar
392.397;218176;7.9987;aar
318.745;226148;7.99898;aar
354.233;231793;7.99889;aar
405.623;231927;7.99874;aar
385.257;187143;7.99852;aar
327.811;183920;7.99871;aar
329.418;184507;7.99872;aar
367.89;170013;7.99845;aar
341.859;170754;7.99856;aar
324.611;102194;7.99773;aar
322.817;102392;7.99776;aar
304.46;102446;7.99789;aar
319.052;58823;7.99615;aar
336.509;58919;7.99594;aar
337.193;85064;7.99716;aar
321.72;86941;7.99734;aar
309.985;102240;7.99782;aar
316.358;102205;7.99777;aar
275.917;102157;7.99806;aar
330.093;102469;7.9977;aar
427.453;139632;7.99787;aar
374.777;112573;7.99765;aar
439.327;115820;7.99729;aar
343.597;115904;7.99792;aar
363.44;98990;7.9974;aar
295.65;98997;7.99789;aar
384.162;52319;7.99489;aar
371.838;60240;7.99567;aar
334.464;60275;7.99609;aar
309.965;51395;7.9958;aar
334.756;51610;7.99547;aar
350.261;49242;7.99511;aar
342.245;49241;7.99514;aar
362.428;49334;7.99489;aar
396.883;52876;7.99479;aar
350.44;53115;7.99543;aar
262.389;96034;7.99804;aar
331.637;96072;7.99752;aar
357.863;95689;7.99735;aar
336.14;82661;7.99711;aar
296.278;83923;7.99748;aar
278.868;94881;7.99789;aar
270.481;94872;7.99796;aar
306.6;96137;7.99771;aar
353.391;96319;7.99736;aar
325.461;96679;7.99758;aar
415.716;30788;7.99126;aar
365.457;32663;7.99237;aar
401.929;32655;7.99177;aar
448.073;28198;7.98974;aar
443.922;29659;7.99024;aar
332.668;65735;7.99644;aar
351.441;69361;7.9964;aar
386.752;69333;7.99607;aar
300.104;66065;7.99673;aar
340.725;66093;7.99633;aar
313.63;60980;7.99635;aar
321.193;60976;7.99627;aar
369.269;61042;7.99573;aar
362.752;60929;7.99593;aar
386.016;65690;7.99593;aar
351.4;2574;7.90632;png
344.5;2200;7.89965;png
391.188;4147;7.93624;png
344.5;2200;7.89965;png
336.833;1723;7.87731;png
437;146;5.96402;png
437;146;5.91775;png
447.143;1986;7.87546;png
416.25;1077;7.73525;png
381.087;5951;7.95434;png
333.684;4988;7.95485;png
422.2;2588;7.88444;png
306.2;2602;7.91711;png
403.125;2081;7.8744;png
341.588;4549;7.95061;png
396.5;431;7.28705;png
409.143;1877;7.86323;png
372;3986;7.94035;png
384.5;395;7.17674;png
444.875;2055;7.86094;png
330;294;6.79024;png
411.334;874;7.68099;png
408.714;1845;7.85599;png
372.482;6919;7.96413;png
322.875;2073;7.88984;png
407.5;445;7.311;png
373;494;7.40963;png
331;344;6.99122;png
365.5;505;7.4414;png
393.5;2210;7.89486;png
436;2074;7.87014;png
353.5;541;7.48458;png
436.25;1049;7.75174;png
361.875;2103;7.88271;png
341.231;3410;7.92928;png
419;474;7.36931;png
415;184;6.49098;png
417;167;6.37192;png
388;166;6.37507;png
386.571;5570;7.95396;png
443;1283;7.76549;png
383.8;1293;7.79602;png
404.143;2001;7.88947;png
425;114;5.64212;png
404;112;5.50425;png
359.177;4510;7.94856;png
427.637;2890;7.89875;png
419.267;3983;7.92662;png
430.889;2446;7.8891;png
337.2;2638;7.91531;png
346.731;6823;7.96606;png
426.826;5947;7.95034;png
431.615;6890;7.95941;png
448.5;505;7.46041;png
381.143;1870;7.87522;png
419.666;1606;7.83332;png
392.2;1265;7.7828;png
414.5;455;7.3734;png
406;123;5.69489;png
390;117;5.74905;png
402;152;6.10405;png
347.778;2426;7.90507;png
395;1481;7.85689;png
399.428;3592;7.92612;png
425;4031;7.9357;png
292.5;3613;7.94341;png
404.6;1507;7.86683;png
355.429;1911;7.87428;png
286.5;433;7.38946;png
328.714;1804;7.87122;png
396.714;1991;7.88544;png
358;380;7.22512;png
421;130;5.76296;png
404;114;5.55032;png
420;456;7.28917;png
225.5;379;7.29546;png
427.168;3284;7.92106;png
389.778;4814;7.94627;png
348.8;1300;7.82325;png
351.5;373;7.1904;png
381.5;401;7.20738;png
375.5;381;7.16381;png
311.5;467;7.41368;png
383;2172;7.88629;png
394.471;4486;7.94321;png
412.875;2069;7.8692;png
406.332;1572;7.83799;png
445;540;7.50678;png
393.25;1073;7.77043;png
388;153;6.15124;png
391.667;868;7.69321;png
391;105;5.50755;png
356;116;5.6944;png
430;112;5.59295;png
391.412;4388;7.94327;png
411.499;1623;7.84309;png
412.418;3075;7.91263;png
439.5;197;5.88649;png
359.774;7989;7.96808;png
403.7;2575;7.89232;png
413;568;7.47995;png
428.166;1671;7.85819;png
439;115;5.5955;png
439;3519;7.91996;png
421.378;21143;7.98576;png
437.166;1665;7.84606;png
407;126;5.79499;png
445.5;2226;7.8782;png
396;128;5.92994;png
443;126;5.79658;png
412.6;1322;7.78588;png
448.2;1291;7.72532;png
397;192;5.8099;png
397;192;5.8099;png
397;192;5.8099;png
397;192;5.8099;png
397;192;5.8099;png
420;138;5.93661;png
404;145;5.95323;png
437;146;5.96402;png
413.334;726;7.59297;png
381.001;745;7.65363;png
448.75;1051;7.72569;png
423;1142;7.75806;png
408.913;6013;7.95217;png
419.75;971;7.6659;png
302;2674;7.92407;png
310.445;2360;7.90913;png
356.5;2669;7.91008;png
387.417;3207;7.91946;png
406.5;431;7.30409;png
387;147;6.08586;png
400.001;803;7.67766;png
382;402;7.23769;png
393.666;1538;7.8327;png
340;4018;7.94533;png
444.875;2055;7.86094;png
330;294;6.79024;png
411.334;874;7.68099;png
408.714;1845;7.85599;png
372.482;6919;7.96413;png
322.875;2073;7.88984;png
407.5;445;7.311;png
373;494;7.40963;png
331;344;6.99122;png
365.5;505;7.4414;png
393.5;2210;7.89486;png
436;2074;7.87014;png
353.5;541;7.48458;png
354.668;708;7.62584;png
321.833;1637;7.86928;png
387;108;5.56319;png
365;2068;7.88669;png
417.194;8005;7.96313;png
402.75;1099;7.77003;png
407.5;1090;7.76883;png
355.923;13362;7.98125;png
429;167;6.28809;png
426;169;6.37137;png
428.333;1750;7.85578;png
435.714;1954;7.86999;png
380.91;2980;7.91916;png
379.832;1533;7.83209;png
430;3342;7.91989;png
420.6;1278;7.7719;png
438.5;2260;7.88452;png
413.25;1119;7.7527;png
388.001;738;7.61429;png
375.334;790;7.69313;png
426;108;5.53954;png
443.334;873;7.71748;png
414.909;3062;7.91772;png
430.75;4286;7.93351;png
339.3;2717;7.92031;png
382.2;2656;7.90415;png
409.654;6867;7.96107;png
397.538;6806;7.96052;png
364.348;5944;7.95624;png
374.2;1297;7.81349;png
443.4;1487;7.84689;png
406;123;5.69489;png
390;117;5.74905;png
402;152;6.10405;png
347.778;2426;7.90507;png
395;1481;7.85689;png
399.428;3592;7.92612;png
425;4031;7.9357;png
292.5;3613;7.94341;png
404.6;1507;7.86683;png
355.429;1911;7.87428;png
286.5;433;7.38946;png
328.714;1804;7.87122;png
396.714;1991;7.88544;png
358;380;7.22512;png
421;130;5.76296;png
404;114;5.55032;png
380.9;2573;7.90876;png
445.001;839;7.68641;png
393.534;4039;7.93578;png
355.154;3339;7.92592;png
376.6;1301;7.81354;png
402;388;7.17221;png
377.5;399;7.22166;png
282.5;415;7.38021;png
400.5;357;6.92768;png
255.5;355;7.1325;png
365.666;1558;7.85255;png
414;374;7.12274;png
433.668;784;7.65528;png
286;382;7.17402;png
379.334;806;7.64579;png
381.5;561;7.52241;png
319;482;7.39306;png
274;368;7.18824;png
292.286;3682;7.94427;png
446.625;2243;7.88086;png
399.5;447;7.35886;png
441;151;5.97955;png
449.75;1089;7.77233;png
391.667;868;7.69321;png
356;116;5.6944;png
355.333;2332;7.8997;png
434.333;1702;7.84082;png
438.334;737;7.59887;png
435.4;2752;7.909;png
413.689;11592;7.97446;png
340.5;443;7.36835;png
368.334;734;7.63507;png
445.714;1802;7.82276;png
383.668;757;7.63025;png
417.857;5547;7.94985;png
413;568;7.47995;png
428.166;1671;7.85819;png
375.834;3160;7.92092;png
359.667;808;7.6791;png
258;368;7.14546;png
283.8;1256;7.80141;png
421.378;21143;7.98576;png
412;126;5.71353;png
401.667;2449;7.90061;png
411;127;5.75271;png
404;114;5.613;png
311.5;467;7.41368;png
336;476;7.36429;png
448.2;1291;7.72532;png
397;192;5.8099;png
397;192;5.8099;png
397;192;5.8099;png
397;192;5.8099;png
397;192;5.8099;png
416;144;6.00859;png
436;192;6.50349;png
439;146;5.93662;png
446;145;6.06596;png
445;2048;7.86345;png
423.334;715;7.57057;png
438.75;1115;7.75197;png
386.291;6341;7.95945;png
393.882;4372;7.93617;png
398.478;6111;7.95589;png
416.25;1115;7.77013;png
390;2208;7.8972;png
383.445;2447;7.90003;png
391.5;2721;7.90947;png
417.417;3215;7.91745;png
399.539;3484;7.92382;png
426;149;5.96253;png
374.6;1347;7.82966;png
438.819;2955;7.90332;png
391.833;1621;7.83878;png
303.5;403;7.22634;png
400.124;6203;7.95645;png
443.636;5698;7.94672;png
379.751;3283;7.93277;png
309.375;2069;7.8964;png
359;336;7.0033;png
444.5;471;7.34727;png
448;3808;7.92714;png
436.25;1049;7.75174;png
361.875;2103;7.88271;png
341.231;3410;7.92928;png
419;474;7.36931;png
415;184;6.49098;png
417;167;6.37192;png
388;166;6.37507;png
386.571;5570;7.95396;png
390.5;251;6.44183;png
345.833;1567;7.8466;png
399.5;2046;7.87012;png
404.143;2001;7.88947;png
260.5;413;7.37616;png
430;110;5.54728;png
425;114;5.67058;png
359.177;4510;7.94856;png
427.637;2890;7.89875;png
419.267;3983;7.92662;png
430.889;2446;7.8891;png
337.2;2638;7.91531;png
346.731;6823;7.96606;png
426.826;5947;7.95034;png
431.615;6890;7.95941;png
448.5;505;7.46041;png
381.143;1870;7.87522;png
419.666;1606;7.83332;png
392.2;1265;7.7828;png
414.5;455;7.3734;png
428.668;717;7.61506;png
380;134;5.92251;png
410;122;5.66051;png
388;168;6.36405;png
372;133;5.9258;png
422;133;5.83762;png
369.889;4694;7.94501;png
443.25;1007;7.70295;png
412.668;726;7.61163;png
421;1222;7.82777;png
388.4;3914;7.93432;png
394.643;3669;7.93213;png
335;3622;7.93682;png
382.5;3290;7.9299;png
363.143;1868;7.86889;png
386.889;2532;7.90826;png
408.428;1798;7.84232;png
403.25;1025;7.73441;png
405.778;2508;7.90343;png
292.5;423;7.38608;png
393.534;4039;7.93578;png
355.154;3339;7.92592;png
376.6;1301;7.81354;png
400.5;401;7.20477;png
402;388;7.17221;png
413;402;7.2407;png
268.5;421;7.3813;png
371;332;6.87879;png
340.5;351;7.06029;png
393.5;315;6.7742;png
393.125;2103;7.87036;png
399.647;4520;7.94498;png
401.4;1325;7.80928;png
384.6;1401;7.83341;png
431;163;6.28294;png
270;404;7.3123;png
433;161;6.18916;png
326.5;533;7.52946;png
413;266;6.58674;png
441;151;6.07292;png
420.5;1084;7.78918;png
426.668;791;7.65421;png
395;109;5.50017;png
356;116;5.6944;png
355.333;2332;7.8997;png
434.333;1702;7.84082;png
438.334;737;7.59887;png
435.4;2752;7.909;png
413.689;11592;7.97446;png
340.5;443;7.36835;png
368.334;734;7.63507;png
445.714;1802;7.82276;png
383.668;757;7.63025;png
417.857;5547;7.94985;png
425;578;7.48837;png
428.166;1671;7.85819;png
375.834;3160;7.92092;png
359.667;808;7.6791;png
258;368;7.14546;png
283.8;1256;7.80141;png
421.378;21143;7.98576;png
412;126;5.71353;png
401.667;2449;7.90061;png
411;127;5.75271;png
404;114;5.613;png
371.5;449;7.35692;png
382;384;7.10867;png
371.5;449;7.35692;png
382;384;7.10867;png
371.5;449;7.35692;png
382;384;7.10867;png
371.5;449;7.35692;png
382;384;7.10867;png
371.5;449;7.35692;png
382;384;7.10867;png
386.639;9397;7.97193;png
380.334;2315;7.89403;png
410;524;7.47898;png
418;135;5.83443;png
424.25;1027;7.70119;png
402.5;1060;7.75067;png
395.25;1001;7.72052;png
426.8;1333;7.80739;png
328.458;6387;7.96651;png
423.56;6519;7.95653;png
344;738;7.52818;png
368.291;6199;7.95731;png
343.001;712;7.55909;png
378;2024;7.89608;png
317.3;2615;7.91682;png
368.334;2427;7.90449;png
351.353;4541;7.94817;png
387;145;6.04891;png
408.75;1033;7.72404;png
406.668;693;7.53235;png
398.999;1540;7.82661;png
340.334;739;7.66788;png
443.6;1445;7.81041;png
254.5;409;7.34492;png
413.68;6640;7.9586;png
430.334;784;7.65125;png
367.875;2079;7.8779;png
436;598;7.56111;png
413.5;473;7.40121;png
324;1014;7.79467;png
353.5;541;7.48458;png
354.668;708;7.62584;png
321.833;1637;7.86928;png
387;108;5.56319;png
365;2068;7.88669;png
417.194;8005;7.96313;png
402.75;1099;7.77003;png
407.5;1090;7.76883;png
355.923;13362;7.98125;png
429;167;6.28809;png
426;169;6.37137;png
428.333;1750;7.85578;png
435.714;1954;7.86999;png
380.91;2980;7.91916;png
379.832;1533;7.83209;png
430;3342;7.91989;png
420.6;1278;7.7719;png
438.5;2260;7.88452;png
413.25;1119;7.7527;png
388.001;738;7.61429;png
375.334;790;7.69313;png
426;108;5.53954;png
443.334;873;7.71748;png
395.059;4498;7.94321;png
400.934;3934;7.93111;png
444.563;4291;7.93065;png
377.286;1975;7.88612;png
404.556;2525;7.90583;png
361.4;2608;7.9084;png
405.063;4161;7.93666;png
377.833;6272;7.95867;png
444.5;465;7.33694;png
417;129;5.77686;png
413;133;5.87138;png
374;133;5.92013;png
432;139;5.85665;png
386.8;1313;7.7985;png
446;1040;7.72296;png
434.769;3564;7.92272;png
385;3353;7.92247;png
449;3674;7.92363;png
314.429;3756;7.94358;png
384.286;1886;7.86729;png
355.6;1456;7.8516;png
362;2522;7.91447;png
393.111;2540;7.91103;png
407;124;5.75284;png
396.571;7384;7.96367;png
368.334;732;7.65464;png
407.334;696;7.5354;png
436.333;1704;7.84042;png
399.668;820;7.70079;png
327.8;3875;7.94146;png
334.917;3213;7.932;png
424.25;1205;7.81624;png
401.5;353;7.02527;png
377.5;399;7.22166;png
357.615;3499;7.93088;png
373.5;545;7.55286;png
414;374;7.12274;png
433.668;784;7.65528;png
286;382;7.17402;png
379.334;806;7.64579;png
381.5;561;7.52241;png
319;482;7.39306;png
274;368;7.18824;png
292.286;3682;7.94427;png
446.625;2243;7.88086;png
399.5;447;7.35886;png
441;151;5.97955;png
449.75;1089;7.77233;png
391.667;868;7.69321;png
396;116;5.62127;png
349.181;5634;7.95798;png
362.571;1791;7.86236;png
397;2054;7.8778;png
405.075;6983;7.95956;png
442.5;2146;7.87475;png
357.6;1286;7.80875;png
428.667;887;7.67037;png
337.556;2448;7.91002;png
413;2074;7.86957;png
433.25;1057;7.73494;png
442.8;1483;7.83788;png
414.05;5307;7.95093;png
423.667;659;7.46676;png
384;106;5.57034;png
417;125;5.69404;png
396.572;1852;7.86289;png
363.857;1919;7.88283;png
311.5;467;7.41368;png
400.5;513;7.40155;png
430;3342;7.91989;png
371.5;449;7.35692;png
382;384;7.10867;png
371.5;449;7.35692;png
382;384;7.10867;png
371.5;449;7.35692;png
382;384;7.10867;png
371.5;449;7.35692;png
382;384;7.10867;png
371.5;449;7.35692;png
382;384;7.10867;png
421;472;7.31621;png
433.133;7754;7.96056;png
447;442;7.22262;png
444;552;7.43946;png
280.5;383;7.23059;png
398.833;475;5.69759;MF
336.4;400;5.72191;MF
330.8;400;5.69797;MF
412.5;475;5.69989;MF
442.25;596;5.72818;SF
428;376;7.39332;gz
427.001;868;7.72697;png
403;110;5.53529;png
448.666;1534;7.80775;png
342.609;5978;7.96032;png
369.464;7407;7.96681;png
419.63;6936;7.95749;png
447.857;1805;7.85132;png
447.999;1592;7.80533;gif
418.5;475;5.68005;MF
411.5;475;5.70635;MF
309.87;13921;7.98406;png
360.76;6439;7.96074;png
363.161;8010;7.96759;png
419.63;6936;7.95749;png
447.001;736;7.61095;png
444.489;11762;7.97471;png
340.262;10857;7.97776;png
429.6;7720;7.96111;png
346.8;6634;7.96483;png
442.333;1692;7.83677;gif
380.316;4966;7.94633;png
306.5;389;7.27827;png
330;400;7.18361;png
364;145;6.18346;png
353;480;7.37495;png
334;336;6.99752;png
319.667;700;7.58306;png
435.5;631;7.60127;png
323;404;7.20607;png
244;404;7.33169;png
317;328;6.96015;png
427;108;5.58356;png
416;196;6.55166;png
279;262;6.62501;png
343.334;705;7.58183;png
333;354;7.02346;png
416;152;6.14945;png
319.5;421;7.27015;png
381;492;7.36221;png
293.5;421;7.28816;png
333;318;6.88745;png
351.334;710;7.5801;png
333.5;459;7.29473;png
269.5;403;7.31696;png
337.5;419;7.24074;png
351;352;6.9492;png
376;464;7.35645;png
419;522;7.42006;png
388.5;431;7.20883;png
339;398;7.23901;png
410;127;5.76846;png
291.5;419;7.2594;png
445;173;6.30991;png
311.5;467;7.41368;png
275.5;391;7.30486;png
281;418;7.36872;png
432;138;5.86343;png
361.25;983;7.68583;png
431.5;595;7.58584;png
337;752;7.64917;png
332;1269;7.79613;png
437.46;9578;7.96802;png
367.4;1398;7.84007;png
372.334;671;7.48454;png
422;562;7.5256;png
305;727;7.62343;png
339.5;373;7.13045;png
292.5;405;7.33448;png
339.5;373;7.13045;png
292.5;405;7.33448;png
148.5;463;7.55279;gpg
287.182;5577296;7.99996;128-cbc
228.127;5577296;7.99997;256-cbc
258.85;5579459;7.99997;gpg
408;118;5.633;png
404;202;6.71147;png
298;422;7.33028;png
346.5;367;7.05935;png
419;203;6.62344;png
425;193;6.52323;png
414;129;5.82748;png
364.584;3305;7.93068;png
334.2;1339;7.82382;png
419.5;589;7.55101;png
417;134;5.87976;png
408;610;7.58618;png
439;199;6.54477;png
401;129;5.87194;png
420;214;6.74255;png
394.667;744;7.56848;png
365.5;493;7.43779;png
315;498;7.49191;png
334.2;1339;7.82382;png
417;134;5.87976;png
408;610;7.58618;png
439;199;6.54477;png
401;129;5.87194;png
420;214;6.74255;png
394.667;744;7.56848;png
365.5;493;7.43779;png
315;498;7.49191;png
334.2;1339;7.82382;png
447;167;6.16903;png
108.077;887;5.99991;key
108.077;887;5.99991;key
133.667;426;5.87531;pem
440;215;6.67721;png
316;396;7.23751;png
439;199;6.54477;png
420;214;6.74255;png
422;133;5.83364;png
419;159;6.27164;png
331.001;785;7.6954;png
428.667;887;7.67037;png
448;1208;7.79826;png
448.2;1291;7.72532;png
385;753;7.60771;png
434.5;305;6.75116;png
248.5;415;7.41735;png
306.5;389;7.27827;png
419;108;5.63912;png
330;400;7.18361;png
351.334;762;7.64433;png
364;145;6.18346;png
419;203;6.62344;png
353;480;7.37495;png
436;111;5.52182;png
373;115;5.60649;png
334;336;6.99752;png
319.667;700;7.58306;png
435.5;631;7.60127;png
323;404;7.20607;png
244;404;7.33169;png
317;328;6.96015;png
427;108;5.58356;png
416;196;6.55166;png
279;262;6.62501;png
343.334;705;7.58183;png
333;354;7.02346;png
416;152;6.14945;png
319.5;421;7.27015;png
381;492;7.36221;png
293.5;421;7.28816;png
333;318;6.88745;png
351.334;710;7.5801;png
333.5;459;7.29473;png
269.5;403;7.31696;png
337.5;419;7.24074;png
351;352;6.9492;png
248.6;696;5.84433;pem
248.6;696;5.84433;pem
439;4800;7.93754;png
376;464;7.35645;png
424.25;1105;7.73248;png
244;404;7.33169;png
289;406;7.32837;png
419;108;5.63912;png
439;199;6.54477;png
401;129;5.87194;png
420;214;6.74255;png
394.667;744;7.56848;png
331.001;785;7.6954;png
389;158;6.19777;png
410.001;771;7.64967;png
427;115;5.50451;png
259.5;419;7.39024;png
409.001;891;7.70863;png
298.5;413;7.3715;png
381.5;365;7.05829;png
417;134;5.87976;png
408;610;7.58618;png
388;109;5.56907;png
366.668;707;7.56886;png
449.5;535;7.47584;png
436;134;5.77163;png
413;141;5.99794;png
312.5;417;7.24869;png
343.334;711;7.57618;png
387.334;724;7.53814;png
212;140;5.54397;png
320;532;7.54479;png
417;134;5.87976;png
408;610;7.58618;png
388;109;5.56907;png
366.668;707;7.56886;png
449.5;535;7.47584;png
436;134;5.77163;png
413;141;5.99794;png
312.5;417;7.24869;png
343.334;711;7.57618;png
387.334;724;7.53814;png
212;140;5.54397;png
320;532;7.54479;png
372.334;671;7.48454;png
422;562;7.5256;png
305;727;7.62343;png
376;464;7.35645;png
424.25;1105;7.73248;png
244;404;7.33169;png
289;406;7.32837;png
419;108;5.63912;png
439;199;6.54477;png
401;129;5.87194;png
420;214;6.74255;png
394.667;744;7.56848;png
331.001;785;7.6954;png
389;158;6.19777;png
410.001;771;7.64967;png
427;115;5.50451;png
259.5;419;7.39024;png
409.001;891;7.70863;png
298.5;413;7.3715;png
381.5;365;7.05829;png
408;118;5.633;png
404;202;6.71147;png
298;422;7.33028;png
346.5;367;7.05935;png
419;203;6.62344;png
425;193;6.52323;png
414;129;5.82748;png
364.584;3305;7.93068;png
334.2;1339;7.82382;png
419.5;589;7.55101;png
323;404;7.20607;png
449;632;7.59732;png
416.5;1026;7.72797;png
439;218;6.67404;png
338.5;369;7.10255;png
396.001;784;7.62367;png
411;112;5.52997;png
249.5;407;7.35017;png
365.5;493;7.43779;png
315;498;7.49191;png
436;111;5.52182;png
373;115;5.60649;png
338;350;6.9791;png
408;118;5.633;png
404;202;6.71147;png
298;422;7.33028;png
346.5;367;7.05935;png
419;203;6.62344;png
425;193;6.52323;png
414;129;5.82748;png
364.584;3305;7.93068;png
334.2;1339;7.82382;png
419.5;589;7.55101;png
323;404;7.20607;png
449;632;7.59732;png
416.5;1026;7.72797;png
439;218;6.67404;png
338.5;369;7.10255;png
396.001;784;7.62367;png
411;112;5.52997;png
249.5;407;7.35017;png
365.5;493;7.43779;png
315;498;7.49191;png
436;111;5.52182;png
373;115;5.60649;png
338;350;6.9791;png
428.258;8114;7.96495;png
376;464;7.35645;png
424.25;1105;7.73248;png
244;404;7.33169;png
289;406;7.32837;png
419;108;5.63912;png
439;199;6.54477;png
401;129;5.87194;png
420;214;6.74255;png
394.667;744;7.56848;png
331.001;785;7.6954;png
389;158;6.19777;png
410.001;771;7.64967;png
427;115;5.50451;png
259.5;419;7.39024;png
409.001;891;7.70863;png
298.5;413;7.3715;png
381.5;365;7.05829;png
408;118;5.633;png
404;202;6.71147;png
298;422;7.33028;png
346.5;367;7.05935;png
419;203;6.62344;png
425;193;6.52323;png
414;129;5.82748;png
364.584;3305;7.93068;png
334.2;1339;7.82382;png
419.5;589;7.55101;png
417;134;5.87976;png
408;610;7.58618;png
388;109;5.56907;png
366.668;707;7.56886;png
449.5;535;7.47584;png
436;134;5.77163;png
413;141;5.99794;png
312.5;417;7.24869;png
343.334;711;7.57618;png
387.334;724;7.53814;png
212;140;5.54397;png
320;532;7.54479;png
447;167;6.16903;png
414.668;794;7.67773;png
108.077;887;5.99991;key
233;3104;6.03827;asc
185.333;226;5.70209;key
135.667;450;5.89298;key
170;488;5.96508;asc
428.501;3194;7.91019;png
219.438;1131;5.94345;crt
289.438;1131;5.92239;crt
248.6;696;5.84433;pem
278.125;2121;7.91015;snap
130.231;887;5.9785;pem
248.6;696;5.84433;pem
267.212;3605;6.03492;/home/xqsme/Git/care4value - Miguel/client/node_modules/lazystream/secret
417.488;21162;7.98585;swf
140.88;1704;6.01656;key
108.077;887;5.99991;key
108.077;887;5.99991;key
248.6;696;5.84433;pem
248.6;696;5.84433;pem
248.6;696;5.84433;pem
248.6;696;5.84433;pem
248.6;696;5.84433;pem
108.077;887;5.99991;key
248.6;696;5.84433;pem
248.6;696;5.84433;pem
190;360;7.16401;tgz
319.254;55415;7.99583;tgz
108.077;887;5.99991;key
135.556;654;5.94969;pub
205.333;223;5.58072;priv
109.667;1054;5.9951;priv
142.154;966;6.0212;priv
166.3;751;5.98571;priv
99.875;1651;6.03675;priv
102.294;1223;6.02461;priv
108.077;887;5.99991;key
193.8;379;5.77317;priv
180;247;5.69897;pub
147.5;447;5.90342;pub
137;986;6.00437;pem
414.668;794;7.67773;png
248.6;696;5.84433;pem
407.6;1478;7.84731;png
325.521;12319;7.98109;gz
263.828;14932;7.98741;gz
108.077;887;5.99991;key
108.077;887;5.99991;key
258.625;4096;7.95263;tgz
140.88;1704;6.01656;key
248.6;696;5.84433;pem
248.6;696;5.84433;pem
125.5;149;5.54068;bcmap
176;166;5.65263;bcmap
176.5;169;5.71351;bcmap
117;164;5.87939;bcmap
102.5;169;5.98996;bcmap
289.202;44300;7.99528;woff2
324.026;19944;7.98843;woff2
369.667;712;7.57996;png
417.488;21162;7.98585;swf
104.125;1675;6.03508;key
138.375;1679;6.02246;key
258.625;4096;7.95263;tgz
108.077;887;5.99991;key
108.077;887;5.99991;key
108.077;887;5.99991;key
248.6;696;5.84433;pem
108.077;887;5.99991;key
248.6;696;5.84433;pem
248.6;696;5.84433;pem
248.6;696;5.84433;pem
108.077;887;5.99991;key
357.5;583;7.53347;tgz
108.077;887;5.99991;key
182;964;5.96788;priv
193.8;379;5.77317;priv
135.556;654;5.94969;pub
147.5;447;5.90342;pub
180;247;5.69897;pub
112;668;5.97864;priv
205.333;223;5.58072;priv
109.667;1054;5.9951;priv
99.875;1651;6.03675;priv
156;272;5.64277;pem
447.668;801;7.66364;png
257.938;4181;7.9559;gz
299.5;19508;7.989;woff2
297.324;19868;7.98949;woff2
140.88;1704;6.01656;key
108.077;887;5.99991;key
108.077;887;5.99991;key
248.6;696;5.84433;pem
248.6;696;5.84433;pem
248.6;696;5.84433;pem
248.6;696;5.84433;pem
248.6;696;5.84433;pem
108.077;887;5.99991;key
248.6;696;5.84433;pem
248.6;696;5.84433;pem
190;360;7.16401;tgz
319.254;55415;7.99583;tgz
284.767;5577296;7.99996;128-ecb
254.018;5577296;7.99997;256-ecb
107.615;891;5.99978;key
108.077;887;5.99991;key
108.077;887;5.99991;key
369.251;3157;7.92542;png
296.316;1346;5.93561;pem
171.167;451;5.86186;pem
376;464;7.35645;png
419;522;7.42006;png
388.5;431;7.20883;png
339;398;7.23901;png
410;127;5.76846;png
445;173;6.30991;png
311.5;467;7.41368;png
275.5;391;7.30486;png
361.25;983;7.68583;png
431.5;595;7.58584;png
337;752;7.64917;png
332;1269;7.79613;png
440;215;6.67721;png
416.5;1026;7.72797;png
316;396;7.23751;png
439;199;6.54477;png
420;214;6.74255;png
422;133;5.83364;png
419;159;6.27164;png
331.001;785;7.6954;png
428.667;887;7.67037;png
414;129;5.82748;png
448;1208;7.79826;png
448.2;1291;7.72532;png
385;753;7.60771;png
434.5;305;6.75116;png
248.5;415;7.41735;png
306.5;389;7.27827;png
419;108;5.63912;png
330;400;7.18361;png
351.334;762;7.64433;png
364;145;6.18346;png
419;203;6.62344;png
353;480;7.37495;png
436;111;5.52182;png
373;115;5.60649;png
334;336;6.99752;png
319.667;700;7.58306;png
435.5;631;7.60127;png
248.6;696;5.84433;pem
108.077;887;5.99991;key
408;118;5.633;png
404;202;6.71147;png
298;422;7.33028;png
346.5;367;7.05935;png
419;203;6.62344;png
425;193;6.52323;png
414;129;5.82748;png
364.584;3305;7.93068;png
334.2;1339;7.82382;png
419.5;589;7.55101;png
323;404;7.20607;png
449;632;7.59732;png
416.5;1026;7.72797;png
439;218;6.67404;png
338.5;369;7.10255;png
396.001;784;7.62367;png
411;112;5.52997;png
249.5;407;7.35017;png
365.5;493;7.43779;png
315;498;7.49191;png
436;111;5.52182;png
373;115;5.60649;png
338;350;6.9791;png
323;404;7.20607;png
449;632;7.59732;png
416.5;1026;7.72797;png
439;218;6.67404;png
338.5;369;7.10255;png
396.001;784;7.62367;png
411;112;5.52997;png
249.5;407;7.35017;png
365.5;493;7.43779;png
315;498;7.49191;png
436;111;5.52182;png
373;115;5.60649;png
338;350;6.9791;png
372.334;671;7.48454;png
422;562;7.5256;png
305;727;7.62343;png
378.769;3392;7.92523;png
315.454;2386;6.04207;txt
409.667;2497;7.8981;png
303;96;5.57904;gif
378.032;15892;7.98271;png
330.857;5502;7.95743;png
353.231;6810;7.96447;png
418.334;2337;7.88396;png
381.696;26359;7.98981;png
439.653;12713;7.97586;png
430.167;10873;7.97245;png
434.272;35924;7.99146;png
409.266;16589;7.98297;png
396.367;20359;7.98632;png
348.177;16105;7.9851;png
355.211;4953;7.94945;png
426.584;3291;7.92448;png
423.637;2882;7.90767;png
398.385;3447;7.92201;png
397.385;3428;7.92345;png
379;3943;7.93964;png
392.999;1608;7.846;png
402.111;2519;7.90203;png
382.222;2384;7.8995;png
400.75;1035;7.72163;png
429.668;835;7.69352;png
428.073;21286;7.98573;png
372.5;533;7.52165;png
327.583;3181;7.92599;png
413.988;20625;7.98593;png
376.757;18055;7.985;png
368.888;22887;7.98841;png
446.616;48657;7.99341;png
332.867;4031;7.94483;png
440.882;332636;7.99905;aar
445.03;608626;7.99947;aar
442.776;615972;7.99949;aar
406.338;636073;7.99954;aar
393.895;242680;7.99884;aar
403.063;94309;7.99707;aar
395.641;157104;7.99821;aar
362.029;89042;7.99713;aar
328.185;112083;7.99792;aar
374.705;113841;7.9977;aar
371.401;114580;7.99773;aar
332.625;2189;7.90561;png
398;1505;7.86007;png
292.889;2394;7.91676;png
371.5;3709;7.93382;png
369.3;2647;7.90474;png
380.445;2342;7.88781;png
415.332;1588;7.84055;png
398;1505;7.86007;png
360.75;1083;7.76449;png
331.167;3296;7.93468;png
331.167;3296;7.93468;png
385.316;5055;7.94877;png
310;372;7.19056;png
387.571;9151;7.96973;png
393.625;2229;7.8826;png
400;428;7.22648;png
396.715;380312;7.99924;aar
305.16;149250;7.99852;aar
374.964;149320;7.99819;aar
317.513;149418;7.99846;aar
318.459;156695;7.99853;aar
361.363;156692;7.99833;aar
391.438;314292;7.9991;aar
373.381;314305;7.99914;aar
418.677;338363;7.9991;aar
320.788;74876;7.99693;aar
365.279;76489;7.99658;aar
363.248;76565;7.9966;aar
302.007;109649;7.99803;aar
311.056;91268;7.99756;aar
311.202;91268;7.99756;aar
316.989;92135;7.99755;aar
358.495;74530;7.99657;aar
346.62;74781;7.99669;aar
327.996;57389;7.99592;aar
353.969;57551;7.99574;aar
387.64;57627;7.99529;aar
365.227;47415;7.99466;aar
357.897;47423;7.99473;aar
424.941;26354;7.98974;aar
390.184;57209;7.99521;aar
354.79;57557;7.9957;aar
335.842;97318;7.99754;aar
438.681;36906;7.99202;aar
349.124;39204;7.99401;aar
447.395;31989;7.99095;aar
388.831;361423;7.99922;aar
371.726;259171;7.99896;aar
364.498;259084;7.99899;aar
426.45;342273;7.9991;aar
432.277;375923;7.99917;aar
339.292;375079;7.99935;aar
411.268;375137;7.99921;aar
406.633;375189;7.99921;aar
359.682;309156;7.99916;aar
368.094;309150;7.99914;aar
392.923;519049;7.99945;aar
439.917;558110;7.99943;aar
409.908;557650;7.99947;aar
429.55;35915;7.99193;aar
411.452;37480;7.99278;aar
347.398;52868;7.99546;aar
347.826;55960;7.99567;aar
396.798;61060;7.99551;aar
378.198;35067;7.99288;aar
410.759;35100;7.99233;aar
411.818;35205;7.99225;aar
430.533;35245;7.9919;aar
313.857;101933;7.99779;aar
327.81;97154;7.99758;aar
314.325;97243;7.99768;aar
344.36;81703;7.99693;aar
330.696;81664;7.9971;aar
330.521;92963;7.99745;aar
326.843;92992;7.99747;aar
353.317;98544;7.99745;aar
327.414;101426;7.99767;aar
364.867;169134;7.99844;aar
383.44;47169;7.99436;aar
329.067;49677;7.99541;aar
390.328;49952;7.99466;aar
373.749;44840;7.99415;aar
324.371;44837;7.99502;aar
440.808;40128;7.99256;aar
343.766;28580;7.9921;aar
419.094;27409;7.98974;aar
432.402;24973;7.98866;aar
331.548;209383;7.99886;aar
355.765;210535;7.99878;aar
347.411;210715;7.99881;aar
386.499;181121;7.99848;aar
347.611;181059;7.99861;aar
313.405;123144;7.99816;aar
319.981;205871;7.99889;aar
414.558;211378;7.99858;aar
303.205;262077;7.99916;aar
373.288;210924;7.99872;aar
373.03;210924;7.99872;aar
346.036;213922;7.99883;aar
340.773;213909;7.99885;aar
319.291;213934;7.99893;aar
373.898;211820;7.99872;aar
390.823;236739;7.9988;aar
390.872;240081;7.99882;aar
304.775;235741;7.99907;aar
281.72;235552;7.99913;aar
329.363;158025;7.99849;aar
385.724;157858;7.99823;aar
312.954;158063;7.99857;aar
343.328;190781;7.9987;aar
378.457;203299;7.99865;aar
381.605;203095;7.99865;aar
334.225;202828;7.99881;aar
352.097;105784;7.99759;aar
343.862;105775;7.99765;aar
332.511;46649;7.99505;aar
411.06;46727;7.99391;aar
387.34;46612;7.99429;aar
352.757;271890;7.99907;aar
382.275;272783;7.99899;aar
396.501;272848;7.99895;aar
351.416;244854;7.99896;aar
365.987;247245;7.99894;aar
426.814;270350;7.99885;aar
349.78;270080;7.99907;aar
350.755;269862;7.99906;aar
404.048;272219;7.99893;aar
415.697;22138;7.98851;aar
347.189;56970;7.99574;aar
361.755;57515;7.99559;aar
351.4;2574;7.90632;png
336.833;1723;7.87731;png
351.4;2574;7.90632;png
355;120;5.71662;gif
